Year,State,Yes,No,lat,long,code
2010,Guam,77.8,22.2,,,GU
2010,Puerto Rico,92.1,7.9,,,PR
2010,Virgin Islands,69.4,30.6,,,VI
2009,Guam,79.7,20.3,,,GU
2009,Puerto Rico,91.6,8.4,,,PR
2009,Virgin Islands,71.4,28.6,,,VI
2008,Guam,74.7,25.3,,,GU
2008,Puerto Rico,91.7,8.3,,,PR
2008,Virgin Islands,72.4,27.6,,,VI
2007,Guam,81.9,18.1,,,GU
2007,Puerto Rico,91.1,8.9,,,PR
2007,Virgin Islands,71.3,28.7,,,VI
2006,Puerto Rico,92.4,7.6,,,PR
2006,Virgin Islands,70.2,29.8,,,VI
2005,Puerto Rico,93.0,7.0,,,PR
2005,Virgin Islands,69.9,30.1,,,VI
2004,Puerto Rico,92.1,7.9,,,PR
2004,Virgin Islands,70.2,29.8,,,VI
2003,Guam,79.1,20.9,,,GU
2003,Puerto Rico,91.2,8.8,,,PR
2003,Virgin Islands,69.6,30.4,,,VI
2002,Guam,78.2,21.8,,,GU
2002,Puerto Rico,93.0,7.0,,,PR
2002,Virgin Islands,69.0,31.0,,,VI
2001,Guam,81.4,18.6,,,GU
2001,Puerto Rico,91.5,8.5,,,PR
2001,Virgin Islands,71.7,28.3,,,VI
2000,Puerto Rico,91.0,9.0,,,PR
1999,Puerto Rico,88.3,11.7,,,PR
1998,Puerto Rico,89.0,11.0,,,PR
1997,Puerto Rico,89.7,10.3,,,PR
1996,Puerto Rico,86.4,13.6,,,PR
2007,Virginia,88.2,11.8,37.54268067400045,-78.45789046299967,VA
1999,Arizona,85.8,14.2,34.865970280000454,-111.76381127699972,AZ
2001,Idaho,85.2,14.8,43.68263000500048,-114.3637300419997,ID
2009,Missouri,86.4,13.6,38.63579077600048,-92.56630005299968,MO
2005,Oklahoma,79.3,20.7,35.47203135600046,-97.52107021399968,OK
1996,Montana,84.4,15.6,47.06652897200047,-109.42442064499971,MT
1998,Louisiana,77.8,22.2,31.31266064400046,-92.44568007099969,LA
1999,Texas,77.4,22.6,31.827240407000488,-99.42677020599967,TX
2001,Kansas,89.9,10.1,38.34774030000045,-98.20078122699964,KS
2003,Virginia,87.9,12.1,37.54268067400045,-78.45789046299967,VA
2000,District of Columbia,88.5,11.5,38.89037138500049,-77.03196112699965,DC
1996,Vermont,87.0,13.0,43.62538123900049,-72.51764079099962,VT
2001,New Mexico,77.5,22.5,34.52088095200048,-106.24058098499968,NM
2000,Alabama,83.9,16.1,32.84057112200048,-86.63186076199969,AL
2000,New Mexico,76.5,23.5,34.52088095200048,-106.24058098499968,NM
2003,California,83.9,16.1,37.63864012300047,-120.99999953799971,CA
1997,Wyoming,81.0,19.0,43.23554134300048,-108.10983035299968,WY
1996,South Dakota,89.9,10.1,44.35313005300048,-100.3735306369997,SD
1998,Alabama,83.6,16.4,32.84057112200048,-86.63186076199969,AL
2010,New Hampshire,88.7,11.3,43.65595011300047,-71.50036091999965,NH
1996,Texas,75.4,24.6,31.827240407000488,-99.42677020599967,TX
1997,Nevada,85.9,14.1,39.493240390000494,-117.07184056399969,NV
2010,Indiana,85.0,15.0,39.766910452000445,-86.14996019399968,IN
2005,South Dakota,88.5,11.5,44.35313005300048,-100.3735306369997,SD
2008,Missouri,85.5,14.5,38.63579077600048,-92.56630005299968,MO
1999,Maryland,90.2,9.8,39.29058096400047,-76.60926011099963,MD
2010,Florida,83.0,17.0,28.93204037700048,-81.92896053899966,FL
2003,Maine,88.2,11.8,45.254228894000505,-68.98503133599962,ME
2008,North Carolina,82.2,17.8,35.466220975000454,-79.15925046299964,NC
2010,Arkansas,78.7,21.3,34.74865012400045,-92.27449074299966,AR
1998,Mississippi,81.3,18.7,32.745510099000455,-89.53803082499968,MS
2000,Minnesota,92.9,7.1,46.35564873600049,-94.79420050299969,MN
2009,Mississippi,80.0,20.0,32.745510099000455,-89.53803082499968,MS
2000,Kentucky,85.9,14.1,37.64597027100047,-84.77497104799966,KY
2000,Connecticut,90.8,9.2,41.56266102000046,-72.64984095199964,CT
2005,Nevada,78.3,21.7,39.493240390000494,-117.07184056399969,NV
2003,Missouri,87.2,12.8,38.63579077600048,-92.56630005299968,MO
2000,Idaho,82.9,17.1,43.68263000500048,-114.3637300419997,ID
2005,Tennessee,86.0,14.0,35.68094058000048,-85.77449091399967,TN
2009,South Dakota,89.0,11.0,44.35313005300048,-100.3735306369997,SD
1995,New Mexico,81.4,18.6,34.52088095200048,-106.24058098499968,NM
2003,Minnesota,93.1,6.9,46.35564873600049,-94.79420050299969,MN
2007,Wyoming,84.1,15.9,43.23554134300048,-108.10983035299968,WY
2008,North Dakota,88.4,11.6,47.47531977900047,-100.11842104899966,ND
2009,Tennessee,84.3,15.7,35.68094058000048,-85.77449091399967,TN
2003,West Virginia,80.9,19.1,38.66551020200046,-80.71264013499967,WV
2002,Texas,72.2,27.8,31.827240407000488,-99.42677020599967,TX
1996,District of Columbia,86.6,13.4,38.89037138500049,-77.03196112699965,DC
2010,Nebraska,86.3,13.7,41.6410409880005,-99.36572062299967,NE
2009,New Mexico,80.6,19.4,34.52088095200048,-106.24058098499968,NM
2003,Indiana,86.3,13.7,39.766910452000445,-86.14996019399968,IN
1997,Missouri,87.8,12.2,38.63579077600048,-92.56630005299968,MO
2007,Massachusetts,93.8,6.2,42.27687047000046,-72.08269067499964,MA
2000,Tennessee,88.1,11.9,35.68094058000048,-85.77449091399967,TN
1998,Nebraska,92.0,8.0,41.6410409880005,-99.36572062299967,NE
1997,New York,86.0,14.0,42.82700103200045,-75.54397042699964,NY
1998,West Virginia,83.0,17.0,38.66551020200046,-80.71264013499967,WV
1999,Kansas,89.6,10.4,38.34774030000045,-98.20078122699964,KS
2007,Tennessee,85.3,14.7,35.68094058000048,-85.77449091399967,TN
2008,District of Columbia,90.9,9.1,38.89037138500049,-77.03196112699965,DC
2005,Montana,78.5,21.5,47.06652897200047,-109.42442064499971,MT
2000,Utah,88.9,11.1,39.36070017100048,-111.58713063499972,UT
1999,Washington,88.1,11.9,47.52227862900048,-120.47001078999972,WA
1996,Tennessee,88.0,12.0,35.68094058000048,-85.77449091399967,TN
2006,Ohio,87.6,12.4,40.06021014100048,-82.40426005599966,OH
1998,Rhode Island,90.3,9.7,41.70828019300046,-71.52247031399963,RI
2008,Kansas,88.3,11.7,38.34774030000045,-98.20078122699964,KS
2009,California,83.0,17.0,37.63864012300047,-120.99999953799971,CA
2010,New Mexico,80.9,19.1,34.52088095200048,-106.24058098499968,NM
1996,Maryland,90.3,9.7,39.29058096400047,-76.60926011099963,MD
2007,California,84.2,15.8,37.63864012300047,-120.99999953799971,CA
2008,Minnesota,91.8,8.2,46.35564873600049,-94.79420050299969,MN
2002,Oklahoma,80.1,19.9,35.47203135600046,-97.52107021399968,OK
2007,South Dakota,86.4,13.6,44.35313005300048,-100.3735306369997,SD
2006,Colorado,83.0,17.0,38.843840757000464,-106.13361092099969,CO
2010,Colorado,83.6,16.4,38.843840757000464,-106.13361092099969,CO
2000,Vermont,90.0,10.0,43.62538123900049,-72.51764079099962,VT
2007,Arkansas,79.7,20.3,34.74865012400045,-92.27449074299966,AR
1996,New York,87.6,12.4,42.82700103200045,-75.54397042699964,NY
2001,Massachusetts,92.1,7.9,42.27687047000046,-72.08269067499964,MA
2005,Delaware,92.3,7.7,39.008830667000495,-75.57774116799965,DE
1995,New Hampshire,87.8,12.2,43.65595011300047,-71.50036091999965,NH
2010,Michigan,86.1,13.9,44.6613195430005,-84.71439026999968,MI
2004,New York,85.1,14.9,42.82700103200045,-75.54397042699964,NY
2006,Oklahoma,79.2,20.8,35.47203135600046,-97.52107021399968,OK
1999,Louisiana,77.6,22.4,31.31266064400046,-92.44568007099969,LA
2007,Mississippi,80.7,19.3,32.745510099000455,-89.53803082499968,MS
2007,Michigan,87.8,12.2,44.6613195430005,-84.71439026999968,MI
2005,District of Columbia,90.3,9.7,38.89037138500049,-77.03196112699965,DC
1995,Oklahoma,85.1,14.9,35.47203135600046,-97.52107021399968,OK
1999,Alabama,84.9,15.1,32.84057112200048,-86.63186076199969,AL
1997,District of Columbia,88.4,11.6,38.89037138500049,-77.03196112699965,DC
2001,District of Columbia,87.7,12.3,38.89037138500049,-77.03196112699965,DC
1998,Delaware,92.0,8.0,39.008830667000495,-75.57774116799965,DE
2006,Oregon,83.7,16.3,44.56744942400047,-120.15503132599969,OR
2006,North Carolina,82.2,17.8,35.466220975000454,-79.15925046299964,NC
2009,Alaska,82.3,17.7,64.84507995700051,-147.7220590359997,AK
2003,New York,84.3,15.7,42.82700103200045,-75.54397042699964,NY
2002,California,84.6,15.4,37.63864012300047,-120.99999953799971,CA
2002,Virginia,87.5,12.5,37.54268067400045,-78.45789046299967,VA
1995,California,80.5,19.5,37.63864012300047,-120.99999953799971,CA
2009,South Carolina,83.7,16.3,33.998821303000454,-81.04537120699968,SC
2004,California,82.7,17.3,37.63864012300047,-120.99999953799971,CA
2007,Maryland,87.3,12.7,39.29058096400047,-76.60926011099963,MD
2008,Connecticut,91.6,8.4,41.56266102000046,-72.64984095199964,CT
2009,North Carolina,81.9,18.1,35.466220975000454,-79.15925046299964,NC
1996,North Dakota,88.2,11.8,47.47531977900047,-100.11842104899966,ND
2005,Louisiana,77.4,22.6,31.31266064400046,-92.44568007099969,LA
1999,Alaska,76.7,23.3,64.84507995700051,-147.7220590359997,AK
2008,Kentucky,85.6,14.4,37.64597027100047,-84.77497104799966,KY
1996,Wyoming,81.7,18.3,43.23554134300048,-108.10983035299968,WY
1995,Idaho,85.7,14.3,43.68263000500048,-114.3637300419997,ID
2006,Maryland,89.9,10.1,39.29058096400047,-76.60926011099963,MD
2009,Iowa,90.1,9.9,42.46940091300047,-93.81649055599968,IA
2005,Indiana,84.5,15.5,39.766910452000445,-86.14996019399968,IN
1996,New Hampshire,88.1,11.9,43.65595011300047,-71.50036091999965,NH
2007,Oregon,83.7,16.3,44.56744942400047,-120.15503132599969,OR
1997,Connecticut,90.6,9.4,41.56266102000046,-72.64984095199964,CT
1995,Louisiana,79.0,21.0,31.31266064400046,-92.44568007099969,LA
2009,North Dakota,89.3,10.7,47.47531977900047,-100.11842104899966,ND
1996,Nebraska,91.4,8.6,41.6410409880005,-99.36572062299967,NE
2000,Delaware,91.8,8.2,39.008830667000495,-75.57774116799965,DE
2001,Ohio,88.9,11.1,40.06021014100048,-82.40426005599966,OH
2009,West Virginia,82.5,17.5,38.66551020200046,-80.71264013499967,WV
2008,Arkansas,81.7,18.3,34.74865012400045,-92.27449074299966,AR
2004,North Carolina,81.2,18.8,35.466220975000454,-79.15925046299964,NC
2008,New York,87.8,12.2,42.82700103200045,-75.54397042699964,NY
1996,Florida,82.5,17.5,28.93204037700048,-81.92896053899966,FL
2002,South Carolina,84.3,15.7,33.998821303000454,-81.04537120699968,SC
1999,Minnesota,94.2,5.8,46.35564873600049,-94.79420050299969,MN
1998,North Carolina,87.3,12.7,35.466220975000454,-79.15925046299964,NC
1997,Maine,88.0,12.0,45.254228894000505,-68.98503133599962,ME
1996,New Mexico,79.0,21.0,34.52088095200048,-106.24058098499968,NM
1997,Alabama,85.6,14.4,32.84057112200048,-86.63186076199969,AL
2001,Colorado,84.7,15.3,38.843840757000464,-106.13361092099969,CO
2003,Alabama,85.4,14.6,32.84057112200048,-86.63186076199969,AL
1998,Arkansas,84.5,15.5,34.74865012400045,-92.27449074299966,AR
1995,Colorado,85.8,14.2,38.843840757000464,-106.13361092099969,CO
2004,Oklahoma,78.5,21.5,35.47203135600046,-97.52107021399968,OK
2002,Tennessee,87.1,12.9,35.68094058000048,-85.77449091399967,TN
1998,Vermont,89.3,10.7,43.62538123900049,-72.51764079099962,VT
2004,Washington,84.9,15.1,47.52227862900048,-120.47001078999972,WA
1997,Montana,85.4,14.6,47.06652897200047,-109.42442064499971,MT
2008,Maryland,87.9,12.1,39.29058096400047,-76.60926011099963,MD
1999,New Mexico,78.0,22.0,34.52088095200048,-106.24058098499968,NM
1999,New York,85.4,14.6,42.82700103200045,-75.54397042699964,NY
2004,Alabama,82.9,17.1,32.84057112200048,-86.63186076199969,AL
2008,Indiana,85.0,15.0,39.766910452000445,-86.14996019399968,IN
2008,Alaska,82.9,17.1,64.84507995700051,-147.7220590359997,AK
2005,New Mexico,78.1,21.9,34.52088095200048,-106.24058098499968,NM
1998,Washington,89.1,10.9,47.52227862900048,-120.47001078999972,WA
2003,Wisconsin,90.0,10.0,44.39319117400049,-89.81637074199966,WI
2004,Wyoming,82.5,17.5,43.23554134300048,-108.10983035299968,WY
2000,Colorado,86.5,13.5,38.843840757000464,-106.13361092099969,CO
1999,Delaware,90.4,9.6,39.008830667000495,-75.57774116799965,DE
2006,Massachusetts,91.5,8.5,42.27687047000046,-72.08269067499964,MA
1995,North Dakota,89.4,10.6,47.47531977900047,-100.11842104899966,ND
2000,New Hampshire,91.0,9.0,43.65595011300047,-71.50036091999965,NH
2003,Arkansas,80.8,19.2,34.74865012400045,-92.27449074299966,AR
1999,Oregon,84.6,15.4,44.56744942400047,-120.15503132599969,OR
2002,Georgia,84.3,15.7,32.83968109300048,-83.62758034599966,GA
1996,Kansas,89.9,10.1,38.34774030000045,-98.20078122699964,KS
2004,Florida,80.4,19.6,28.93204037700048,-81.92896053899966,FL
1999,Vermont,87.2,12.8,43.62538123900049,-72.51764079099962,VT
2000,North Dakota,88.2,11.8,47.47531977900047,-100.11842104899966,ND
1998,Indiana,86.7,13.3,39.766910452000445,-86.14996019399968,IN
2009,Washington,85.6,14.4,47.52227862900048,-120.47001078999972,WA
1996,Mississippi,85.8,14.2,32.745510099000455,-89.53803082499968,MS
2002,New York,85.0,15.0,42.82700103200045,-75.54397042699964,NY
1995,Rhode Island,89.3,10.7,41.70828019300046,-71.52247031399963,RI
2001,New Jersey,88.7,11.3,40.13057004800049,-74.27369128799967,NJ
2003,New Hampshire,88.1,11.9,43.65595011300047,-71.50036091999965,NH
1999,Missouri,89.1,10.9,38.63579077600048,-92.56630005299968,MO
2000,North Carolina,87.3,12.7,35.466220975000454,-79.15925046299964,NC
1998,Alaska,79.2,20.8,64.84507995700051,-147.7220590359997,AK
2010,Georgia,83.7,16.3,32.83968109300048,-83.62758034599966,GA
2002,Massachusetts,90.8,9.2,42.27687047000046,-72.08269067499964,MA
1997,South Dakota,86.8,13.2,44.35313005300048,-100.3735306369997,SD
2005,Missouri,87.1,12.9,38.63579077600048,-92.56630005299968,MO
2004,Connecticut,90.5,9.5,41.56266102000046,-72.64984095199964,CT
1995,Delaware,88.7,11.3,39.008830667000495,-75.57774116799965,DE
2007,Pennsylvania,89.2,10.8,40.79373015200048,-77.86070029399963,PA
1997,Arkansas,82.7,17.3,34.74865012400045,-92.27449074299966,AR
2000,California,81.6,18.4,37.63864012300047,-120.99999953799971,CA
2002,Michigan,88.0,12.0,44.6613195430005,-84.71439026999968,MI
1997,Alaska,78.7,21.3,64.84507995700051,-147.7220590359997,AK
1997,Mississippi,84.8,15.2,32.745510099000455,-89.53803082499968,MS
2002,South Dakota,88.1,11.9,44.35313005300048,-100.3735306369997,SD
2009,Idaho,81.3,18.7,43.68263000500048,-114.3637300419997,ID
2003,Vermont,89.7,10.3,43.62538123900049,-72.51764079099962,VT
2005,Texas,71.5,28.5,31.827240407000488,-99.42677020599967,TX
2008,Rhode Island,89.2,10.8,41.70828019300046,-71.52247031399963,RI
2001,North Carolina,85.8,14.2,35.466220975000454,-79.15925046299964,NC
2000,Pennsylvania,91.0,9.0,40.79373015200048,-77.86070029399963,PA
2001,Vermont,88.5,11.5,43.62538123900049,-72.51764079099962,VT
1997,Rhode Island,89.3,10.7,41.70828019300046,-71.52247031399963,RI
2006,New Mexico,78.3,21.7,34.52088095200048,-106.24058098499968,NM
2008,Washington,86.7,13.3,47.52227862900048,-120.47001078999972,WA
2005,Arkansas,80.8,19.2,34.74865012400045,-92.27449074299966,AR
1999,Connecticut,89.9,10.1,41.56266102000046,-72.64984095199964,CT
1999,Hawaii,90.9,9.1,21.304850435000446,-157.85774940299973,HI
2007,Nebraska,87.9,12.1,41.6410409880005,-99.36572062299967,NE
2010,California,82.2,17.8,37.63864012300047,-120.99999953799971,CA
2004,Arkansas,81.4,18.6,34.74865012400045,-92.27449074299966,AR
2004,Minnesota,92.1,7.9,46.35564873600049,-94.79420050299969,MN
2005,Alabama,83.1,16.9,32.84057112200048,-86.63186076199969,AL
2005,Hawaii,92.2,7.8,21.304850435000446,-157.85774940299973,HI
2003,Michigan,89.0,11.0,44.6613195430005,-84.71439026999968,MI
2006,Indiana,84.4,15.6,39.766910452000445,-86.14996019399968,IN
2007,Alaska,84.8,15.2,64.84507995700051,-147.7220590359997,AK
1995,Florida,85.0,15.0,28.93204037700048,-81.92896053899966,FL
2003,Oklahoma,80.3,19.7,35.47203135600046,-97.52107021399968,OK
1996,Pennsylvania,88.9,11.1,40.79373015200048,-77.86070029399963,PA
1999,Wisconsin,89.8,10.2,44.39319117400049,-89.81637074199966,WI
1996,North Carolina,87.1,12.9,35.466220975000454,-79.15925046299964,NC
2000,Illinois,89.1,10.9,40.48501028300046,-88.99771017799969,IL
2010,Washington,84.9,15.1,47.52227862900048,-120.47001078999972,WA
2006,Mississippi,79.1,20.9,32.745510099000455,-89.53803082499968,MS
2009,Wisconsin,89.7,10.3,44.39319117400049,-89.81637074199966,WI
2003,Maryland,88.0,12.0,39.29058096400047,-76.60926011099963,MD
1997,Utah,88.9,11.1,39.36070017100048,-111.58713063499972,UT
2007,Washington,86.0,14.0,47.52227862900048,-120.47001078999972,WA
1998,Ohio,91.3,8.7,40.06021014100048,-82.40426005599966,OH
1995,Missouri,85.0,15.0,38.63579077600048,-92.56630005299968,MO
2009,Kansas,88.2,11.8,38.34774030000045,-98.20078122699964,KS
2003,Oregon,81.0,19.0,44.56744942400047,-120.15503132599969,OR
1998,Arizona,86.8,13.2,34.865970280000454,-111.76381127699972,AZ
1999,South Dakota,89.6,10.4,44.35313005300048,-100.3735306369997,SD
2000,Ohio,89.8,10.2,40.06021014100048,-82.40426005599966,OH
2000,Virginia,88.6,11.4,37.54268067400045,-78.45789046299967,VA
2007,Maine,88.1,11.9,45.254228894000505,-68.98503133599962,ME
2005,Nebraska,86.2,13.8,41.6410409880005,-99.36572062299967,NE
2007,North Dakota,88.2,11.8,47.47531977900047,-100.11842104899966,ND
2002,New Hampshire,88.2,11.8,43.65595011300047,-71.50036091999965,NH
2000,Oklahoma,83.1,16.9,35.47203135600046,-97.52107021399968,OK
2006,Michigan,87.1,12.9,44.6613195430005,-84.71439026999968,MI
1997,Kentucky,86.2,13.8,37.64597027100047,-84.77497104799966,KY
2009,Hawaii,92.7,7.3,21.304850435000446,-157.85774940299973,HI
2002,Colorado,83.4,16.6,38.843840757000464,-106.13361092099969,CO
2002,District of Columbia,89.3,10.7,38.89037138500049,-77.03196112699965,DC
1999,Tennessee,87.7,12.3,35.68094058000048,-85.77449091399967,TN
2007,Colorado,82.5,17.5,38.843840757000464,-106.13361092099969,CO
1996,Arizona,83.0,17.0,34.865970280000454,-111.76381127699972,AZ
1996,Washington,88.1,11.9,47.52227862900048,-120.47001078999972,WA
2004,Vermont,87.6,12.4,43.62538123900049,-72.51764079099962,VT
2008,West Virginia,83.8,16.2,38.66551020200046,-80.71264013499967,WV
1995,Alaska,84.7,15.3,64.84507995700051,-147.7220590359997,AK
1997,Hawaii,93.6,6.4,21.304850435000446,-157.85774940299973,HI
2002,Wisconsin,88.7,11.3,44.39319117400049,-89.81637074199966,WI
2005,Minnesota,93.0,7.0,46.35564873600049,-94.79420050299969,MN
2005,Alaska,82.9,17.1,64.84507995700051,-147.7220590359997,AK
2002,Washington,87.9,12.1,47.52227862900048,-120.47001078999972,WA
2003,Georgia,83.5,16.5,32.83968109300048,-83.62758034599966,GA
2009,Pennsylvania,89.0,11.0,40.79373015200048,-77.86070029399963,PA
2000,Rhode Island,88.9,11.1,41.70828019300046,-71.52247031399963,RI
1996,Oregon,86.8,13.2,44.56744942400047,-120.15503132599969,OR
1998,South Dakota,87.7,12.3,44.35313005300048,-100.3735306369997,SD
2004,Arizona,82.1,17.9,34.865970280000454,-111.76381127699972,AZ
2006,New Jersey,85.8,14.2,40.13057004800049,-74.27369128799967,NJ
2008,Delaware,93.6,6.4,39.008830667000495,-75.57774116799965,DE
2001,Oregon,86.1,13.9,44.56744942400047,-120.15503132599969,OR
1997,Pennsylvania,90.6,9.4,40.79373015200048,-77.86070029399963,PA
2003,Idaho,83.5,16.5,43.68263000500048,-114.3637300419997,ID
1999,Idaho,83.3,16.7,43.68263000500048,-114.3637300419997,ID
2003,Alaska,82.5,17.5,64.84507995700051,-147.7220590359997,AK
1996,Minnesota,92.8,7.2,46.35564873600049,-94.79420050299969,MN
2003,Connecticut,89.6,10.4,41.56266102000046,-72.64984095199964,CT
2003,Montana,80.9,19.1,47.06652897200047,-109.42442064499971,MT
2001,Connecticut,90.5,9.5,41.56266102000046,-72.64984095199964,CT
2010,Missouri,85.0,15.0,38.63579077600048,-92.56630005299968,MO
2001,Georgia,86.2,13.8,32.83968109300048,-83.62758034599966,GA
1995,Arizona,84.8,15.2,34.865970280000454,-111.76381127699972,AZ
1996,Hawaii,91.9,8.1,21.304850435000446,-157.85774940299973,HI
1995,Mississippi,86.0,14.0,32.745510099000455,-89.53803082499968,MS
1997,Nebraska,92.4,7.6,41.6410409880005,-99.36572062299967,NE
2010,Tennessee,83.5,16.5,35.68094058000048,-85.77449091399967,TN
2007,Rhode Island,89.5,10.5,41.70828019300046,-71.52247031399963,RI
1997,North Dakota,88.3,11.7,47.47531977900047,-100.11842104899966,ND
1998,New Mexico,78.2,21.8,34.52088095200048,-106.24058098499968,NM
2006,Arizona,80.4,19.6,34.865970280000454,-111.76381127699972,AZ
2009,Georgia,81.2,18.8,32.83968109300048,-83.62758034599966,GA
1998,Iowa,91.3,8.7,42.46940091300047,-93.81649055599968,IA
2003,Louisiana,76.9,23.1,31.31266064400046,-92.44568007099969,LA
2008,Iowa,91.0,9.0,42.46940091300047,-93.81649055599968,IA
2003,Ohio,88.9,11.1,40.06021014100048,-82.40426005599966,OH
2000,Oregon,84.9,15.1,44.56744942400047,-120.15503132599969,OR
2008,Louisiana,80.5,19.5,31.31266064400046,-92.44568007099969,LA
2002,North Dakota,90.7,9.3,47.47531977900047,-100.11842104899966,ND
1997,Massachusetts,90.7,9.3,42.27687047000046,-72.08269067499964,MA
2008,Nevada,78.8,21.2,39.493240390000494,-117.07184056399969,NV
2009,Arkansas,80.0,20.0,34.74865012400045,-92.27449074299966,AR
1999,South Carolina,84.4,15.6,33.998821303000454,-81.04537120699968,SC
2010,Wyoming,83.5,16.5,43.23554134300048,-108.10983035299968,WY
2003,Massachusetts,90.5,9.5,42.27687047000046,-72.08269067499964,MA
1998,Colorado,85.1,14.9,38.843840757000464,-106.13361092099969,CO
2006,Maine,89.6,10.4,45.254228894000505,-68.98503133599962,ME
2000,Wisconsin,92.5,7.5,44.39319117400049,-89.81637074199966,WI
2004,Utah,84.4,15.6,39.36070017100048,-111.58713063499972,UT
1995,Indiana,89.8,10.2,39.766910452000445,-86.14996019399968,IN
2005,Arizona,79.1,20.9,34.865970280000454,-111.76381127699972,AZ
2007,Florida,81.4,18.6,28.93204037700048,-81.92896053899966,FL
1997,Indiana,87.6,12.4,39.766910452000445,-86.14996019399968,IN
2009,Delaware,90.4,9.6,39.008830667000495,-75.57774116799965,DE
2001,Utah,87.2,12.8,39.36070017100048,-111.58713063499972,UT
2005,North Dakota,88.5,11.5,47.47531977900047,-100.11842104899966,ND
2001,Tennessee,89.3,10.7,35.68094058000048,-85.77449091399967,TN
2006,North Dakota,88.4,11.6,47.47531977900047,-100.11842104899966,ND
2001,Alaska,81.2,18.8,64.84507995700051,-147.7220590359997,AK
2003,Wyoming,82.9,17.1,43.23554134300048,-108.10983035299968,WY
1998,Oregon,86.8,13.2,44.56744942400047,-120.15503132599969,OR
2010,Kansas,87.5,12.5,38.34774030000045,-98.20078122699964,KS
2010,Vermont,91.6,8.4,43.62538123900049,-72.51764079099962,VT
2007,North Carolina,81.3,18.7,35.466220975000454,-79.15925046299964,NC
2010,Utah,84.1,15.9,39.36070017100048,-111.58713063499972,UT
2005,Ohio,87.2,12.8,40.06021014100048,-82.40426005599966,OH
2007,New Mexico,77.7,22.3,34.52088095200048,-106.24058098499968,NM
2000,Washington,90.2,9.8,47.52227862900048,-120.47001078999972,WA
2006,New Hampshire,88.6,11.4,43.65595011300047,-71.50036091999965,NH
1995,South Carolina,87.9,12.1,33.998821303000454,-81.04537120699968,SC
2005,Maine,87.2,12.8,45.254228894000505,-68.98503133599962,ME
1995,Tennessee,88.6,11.4,35.68094058000048,-85.77449091399967,TN
2008,Arizona,82.2,17.8,34.865970280000454,-111.76381127699972,AZ
2001,Texas,77.1,22.9,31.827240407000488,-99.42677020599967,TX
2010,South Carolina,81.2,18.8,33.998821303000454,-81.04537120699968,SC
2006,Montana,83.4,16.6,47.06652897200047,-109.42442064499971,MT
1996,Alaska,79.2,20.8,64.84507995700051,-147.7220590359997,AK
2001,Maryland,89.7,10.3,39.29058096400047,-76.60926011099963,MD
1998,Utah,88.1,11.9,39.36070017100048,-111.58713063499972,UT
2001,Mississippi,81.3,18.7,32.745510099000455,-89.53803082499968,MS
2002,Missouri,86.8,13.2,38.63579077600048,-92.56630005299968,MO
2001,South Dakota,89.8,10.2,44.35313005300048,-100.3735306369997,SD
1997,Michigan,90.1,9.9,44.6613195430005,-84.71439026999968,MI
2010,Connecticut,90.2,9.8,41.56266102000046,-72.64984095199964,CT
1999,Georgia,86.4,13.6,32.83968109300048,-83.62758034599966,GA
2008,Florida,82.5,17.5,28.93204037700048,-81.92896053899966,FL
2003,Tennessee,87.4,12.6,35.68094058000048,-85.77449091399967,TN
2001,Rhode Island,91.4,8.6,41.70828019300046,-71.52247031399963,RI
1995,Nevada,86.9,13.1,39.493240390000494,-117.07184056399969,NV
1996,New Jersey,88.9,11.1,40.13057004800049,-74.27369128799967,NJ
2009,Minnesota,92.0,8.0,46.35564873600049,-94.79420050299969,MN
1997,Oregon,87.5,12.5,44.56744942400047,-120.15503132599969,OR
2006,Texas,74.8,25.2,31.827240407000488,-99.42677020599967,TX
2002,Mississippi,77.3,22.7,32.745510099000455,-89.53803082499968,MS
1995,Oregon,87.0,13.0,44.56744942400047,-120.15503132599969,OR
2001,Maine,87.1,12.9,45.254228894000505,-68.98503133599962,ME
2004,Iowa,89.4,10.6,42.46940091300047,-93.81649055599968,IA
2008,Ohio,87.7,12.3,40.06021014100048,-82.40426005599966,OH
2002,Montana,82.2,17.8,47.06652897200047,-109.42442064499971,MT
2004,Indiana,85.1,14.9,39.766910452000445,-86.14996019399968,IN
1997,Ohio,89.5,10.5,40.06021014100048,-82.40426005599966,OH
2008,Georgia,84.0,16.0,32.83968109300048,-83.62758034599966,GA
1997,Texas,75.8,24.2,31.827240407000488,-99.42677020599967,TX
1999,Rhode Island,89.4,10.6,41.70828019300046,-71.52247031399963,RI
1999,Arkansas,83.9,16.1,34.74865012400045,-92.27449074299966,AR
1995,Texas,82.7,17.3,31.827240407000488,-99.42677020599967,TX
2009,Louisiana,80.5,19.5,31.31266064400046,-92.44568007099969,LA
2001,North Dakota,88.3,11.7,47.47531977900047,-100.11842104899966,ND
2006,Alaska,82.5,17.5,64.84507995700051,-147.7220590359997,AK
2003,Iowa,88.1,11.9,42.46940091300047,-93.81649055599968,IA
1996,West Virginia,82.3,17.7,38.66551020200046,-80.71264013499967,WV
2007,Idaho,81.1,18.9,43.68263000500048,-114.3637300419997,ID
2002,Delaware,91.2,8.8,39.008830667000495,-75.57774116799965,DE
2003,Washington,85.6,14.4,47.52227862900048,-120.47001078999972,WA
2001,California,85.0,15.0,37.63864012300047,-120.99999953799971,CA
2010,Rhode Island,87.7,12.3,41.70828019300046,-71.52247031399963,RI
2001,Washington,90.3,9.7,47.52227862900048,-120.47001078999972,WA
1995,Hawaii,94.3,5.7,21.304850435000446,-157.85774940299973,HI
2010,North Dakota,88.9,11.1,47.47531977900047,-100.11842104899966,ND
2007,Kentucky,84.1,15.9,37.64597027100047,-84.77497104799966,KY
2003,Kentucky,82.9,17.1,37.64597027100047,-84.77497104799966,KY
2001,Nevada,82.5,17.5,39.493240390000494,-117.07184056399969,NV
2005,Illinois,85.5,14.5,40.48501028300046,-88.99771017799969,IL
2000,Missouri,88.8,11.2,38.63579077600048,-92.56630005299968,MO
2008,Maine,88.7,11.3,45.254228894000505,-68.98503133599962,ME
2001,Alabama,85.0,15.0,32.84057112200048,-86.63186076199969,AL
1997,Louisiana,79.6,20.4,31.31266064400046,-92.44568007099969,LA
1995,Arkansas,84.6,15.4,34.74865012400045,-92.27449074299966,AR
2010,New Jersey,88.5,11.5,40.13057004800049,-74.27369128799967,NJ
2001,South Carolina,83.6,16.4,33.998821303000454,-81.04537120699968,SC
2003,Nevada,79.5,20.5,39.493240390000494,-117.07184056399969,NV
1996,Missouri,87.1,12.9,38.63579077600048,-92.56630005299968,MO
1996,Oklahoma,81.5,18.5,35.47203135600046,-97.52107021399968,OK
2003,Hawaii,91.8,8.2,21.304850435000446,-157.85774940299973,HI
1998,Kansas,89.2,10.8,38.34774030000045,-98.20078122699964,KS
1998,Florida,82.4,17.6,28.93204037700048,-81.92896053899966,FL
1996,South Carolina,83.7,16.3,33.998821303000454,-81.04537120699968,SC
1998,North Dakota,89.7,10.3,47.47531977900047,-100.11842104899966,ND
2010,Illinois,86.9,13.1,40.48501028300046,-88.99771017799969,IL
1996,Wisconsin,90.7,9.3,44.39319117400049,-89.81637074199966,WI
2008,Utah,85.4,14.6,39.36070017100048,-111.58713063499972,UT
1995,South Dakota,91.0,9.0,44.35313005300048,-100.3735306369997,SD
2009,Montana,82.5,17.5,47.06652897200047,-109.42442064499971,MT
1997,Colorado,88.1,11.9,38.843840757000464,-106.13361092099969,CO
1995,Illinois,88.8,11.2,40.48501028300046,-88.99771017799969,IL
2005,Massachusetts,89.7,10.3,42.27687047000046,-72.08269067499964,MA
1999,California,80.7,19.3,37.63864012300047,-120.99999953799971,CA
2008,Montana,82.7,17.3,47.06652897200047,-109.42442064499971,MT
2000,South Carolina,85.5,14.5,33.998821303000454,-81.04537120699968,SC
2007,Texas,74.3,25.7,31.827240407000488,-99.42677020599967,TX
2001,Virginia,89.1,10.9,37.54268067400045,-78.45789046299967,VA
2007,Indiana,85.8,14.2,39.766910452000445,-86.14996019399968,IN
1995,Kansas,88.9,11.1,38.34774030000045,-98.20078122699964,KS
2009,New Hampshire,88.9,11.1,43.65595011300047,-71.50036091999965,NH
2006,Illinois,84.9,15.1,40.48501028300046,-88.99771017799969,IL
2001,Hawaii,92.7,7.3,21.304850435000446,-157.85774940299973,HI
2004,New Jersey,85.6,14.4,40.13057004800049,-74.27369128799967,NJ
2002,Florida,82.0,18.0,28.93204037700048,-81.92896053899966,FL
2001,New York,83.7,16.3,42.82700103200045,-75.54397042699964,NY
2003,South Dakota,88.3,11.7,44.35313005300048,-100.3735306369997,SD
2001,Oklahoma,79.2,20.8,35.47203135600046,-97.52107021399968,OK
2008,New Jersey,86.2,13.8,40.13057004800049,-74.27369128799967,NJ
2000,New York,86.9,13.1,42.82700103200045,-75.54397042699964,NY
2001,Wyoming,83.3,16.7,43.23554134300048,-108.10983035299968,WY
1996,Massachusetts,89.8,10.2,42.27687047000046,-72.08269067499964,MA
2008,Virginia,89.5,10.5,37.54268067400045,-78.45789046299967,VA
2007,Ohio,88.2,11.8,40.06021014100048,-82.40426005599966,OH
2010,Louisiana,79.2,20.8,31.31266064400046,-92.44568007099969,LA
2002,New Mexico,78.7,21.3,34.52088095200048,-106.24058098499968,NM
1995,Iowa,90.8,9.2,42.46940091300047,-93.81649055599968,IA
2005,Michigan,87.4,12.6,44.6613195430005,-84.71439026999968,MI
2007,Vermont,88.8,11.2,43.62538123900049,-72.51764079099962,VT
2009,Indiana,82.9,17.1,39.766910452000445,-86.14996019399968,IN
1997,California,80.7,19.3,37.63864012300047,-120.99999953799971,CA
2000,Iowa,91.1,8.9,42.46940091300047,-93.81649055599968,IA
1998,Pennsylvania,89.2,10.8,40.79373015200048,-77.86070029399963,PA
2007,Wisconsin,90.2,9.8,44.39319117400049,-89.81637074199966,WI
1999,Virginia,90.0,10.0,37.54268067400045,-78.45789046299967,VA
1996,Maine,85.8,14.2,45.254228894000505,-68.98503133599962,ME
2003,North Dakota,88.5,11.5,47.47531977900047,-100.11842104899966,ND
2006,Virginia,89.7,10.3,37.54268067400045,-78.45789046299967,VA
2008,Pennsylvania,88.5,11.5,40.79373015200048,-77.86070029399963,PA
2000,Arizona,82.9,17.1,34.865970280000454,-111.76381127699972,AZ
1999,Massachusetts,92.8,7.2,42.27687047000046,-72.08269067499964,MA
2004,District of Columbia,89.0,11.0,38.89037138500049,-77.03196112699965,DC
2002,Vermont,88.4,11.6,43.62538123900049,-72.51764079099962,VT
2009,Kentucky,84.4,15.6,37.64597027100047,-84.77497104799966,KY
2001,Montana,83.1,16.9,47.06652897200047,-109.42442064499971,MT
2004,Mississippi,79.8,20.2,32.745510099000455,-89.53803082499968,MS
2002,Pennsylvania,89.6,10.4,40.79373015200048,-77.86070029399963,PA
2000,Indiana,89.6,10.4,39.766910452000445,-86.14996019399968,IN
2007,Oklahoma,79.9,20.1,35.47203135600046,-97.52107021399968,OK
1999,Maine,86.8,13.2,45.254228894000505,-68.98503133599962,ME
2001,Minnesota,94.5,5.5,46.35564873600049,-94.79420050299969,MN
2003,Kansas,86.9,13.1,38.34774030000045,-98.20078122699964,KS
2006,California,82.5,17.5,37.63864012300047,-120.99999953799971,CA
1998,Texas,76.4,23.6,31.827240407000488,-99.42677020599967,TX
1999,Mississippi,82.9,17.1,32.745510099000455,-89.53803082499968,MS
2005,Iowa,89.3,10.7,42.46940091300047,-93.81649055599968,IA
1999,New Hampshire,88.9,11.1,43.65595011300047,-71.50036091999965,NH
2000,Nevada,86.4,13.6,39.493240390000494,-117.07184056399969,NV
2008,Idaho,81.5,18.5,43.68263000500048,-114.3637300419997,ID
2010,Minnesota,91.0,9.0,46.35564873600049,-94.79420050299969,MN
2004,Nebraska,87.3,12.7,41.6410409880005,-99.36572062299967,NE
2003,Rhode Island,89.0,11.0,41.70828019300046,-71.52247031399963,RI
2002,Connecticut,89.1,10.9,41.56266102000046,-72.64984095199964,CT
1998,Nevada,83.8,16.2,39.493240390000494,-117.07184056399969,NV
1997,Illinois,88.7,11.3,40.48501028300046,-88.99771017799969,IL
1996,Idaho,85.0,15.0,43.68263000500048,-114.3637300419997,ID
2008,Hawaii,93.7,6.3,21.304850435000446,-157.85774940299973,HI
2007,Utah,84.7,15.3,39.36070017100048,-111.58713063499972,UT
2008,South Dakota,87.7,12.3,44.35313005300048,-100.3735306369997,SD
2005,Kansas,86.8,13.2,38.34774030000045,-98.20078122699964,KS
2007,Hawaii,94.0,6.0,21.304850435000446,-157.85774940299973,HI
1996,California,80.5,19.5,37.63864012300047,-120.99999953799971,CA
2010,Delaware,90.0,10.0,39.008830667000495,-75.57774116799965,DE
2004,Pennsylvania,88.0,12.0,40.79373015200048,-77.86070029399963,PA
2002,Minnesota,93.2,6.8,46.35564873600049,-94.79420050299969,MN
1999,Colorado,86.1,13.9,38.843840757000464,-106.13361092099969,CO
2002,Oregon,82.6,17.4,44.56744942400047,-120.15503132599969,OR
2010,New York,88.6,11.4,42.82700103200045,-75.54397042699964,NY
2003,Arizona,83.3,16.7,34.865970280000454,-111.76381127699972,AZ
2002,Illinois,85.9,14.1,40.48501028300046,-88.99771017799969,IL
1997,Oklahoma,83.0,17.0,35.47203135600046,-97.52107021399968,OK
2007,West Virginia,83.1,16.9,38.66551020200046,-80.71264013499967,WV
2000,Maine,86.4,13.6,45.254228894000505,-68.98503133599962,ME
1997,Florida,82.4,17.6,28.93204037700048,-81.92896053899966,FL
1999,Nebraska,91.9,8.1,41.6410409880005,-99.36572062299967,NE
1998,Hawaii,94.1,5.9,21.304850435000446,-157.85774940299973,HI
2001,Indiana,86.3,13.7,39.766910452000445,-86.14996019399968,IN
2001,Wisconsin,90.2,9.8,44.39319117400049,-89.81637074199966,WI
2003,South Carolina,81.7,18.3,33.998821303000454,-81.04537120699968,SC
1995,Massachusetts,89.5,10.5,42.27687047000046,-72.08269067499964,MA
1997,Wisconsin,90.7,9.3,44.39319117400049,-89.81637074199966,WI
2000,Hawaii,93.0,7.0,21.304850435000446,-157.85774940299973,HI
2000,Alaska,81.9,18.1,64.84507995700051,-147.7220590359997,AK
1997,New Jersey,88.3,11.7,40.13057004800049,-74.27369128799967,NJ
1997,Idaho,83.4,16.6,43.68263000500048,-114.3637300419997,ID
2007,Connecticut,90.6,9.4,41.56266102000046,-72.64984095199964,CT
2007,Louisiana,79.5,20.5,31.31266064400046,-92.44568007099969,LA
2002,Rhode Island,88.4,11.6,41.70828019300046,-71.52247031399963,RI
2006,South Dakota,86.5,13.5,44.35313005300048,-100.3735306369997,SD
1999,Ohio,90.0,10.0,40.06021014100048,-82.40426005599966,OH
2006,Utah,85.0,15.0,39.36070017100048,-111.58713063499972,UT
2004,North Dakota,86.5,13.5,47.47531977900047,-100.11842104899966,ND
2003,North Carolina,82.6,17.4,35.466220975000454,-79.15925046299964,NC
2006,Missouri,86.8,13.2,38.63579077600048,-92.56630005299968,MO
1996,Arkansas,82.1,17.9,34.74865012400045,-92.27449074299966,AR
2000,Florida,82.9,17.1,28.93204037700048,-81.92896053899966,FL
2002,Arkansas,81.1,18.9,34.74865012400045,-92.27449074299966,AR
1998,New Hampshire,88.3,11.7,43.65595011300047,-71.50036091999965,NH
2009,Ohio,87.9,12.1,40.06021014100048,-82.40426005599966,OH
2005,Mississippi,81.5,18.5,32.745510099000455,-89.53803082499968,MS
2003,Nebraska,88.4,11.6,41.6410409880005,-99.36572062299967,NE
2001,Florida,83.2,16.8,28.93204037700048,-81.92896053899966,FL
2001,Illinois,90.1,9.9,40.48501028300046,-88.99771017799969,IL
2002,Nebraska,88.1,11.9,41.6410409880005,-99.36572062299967,NE
2000,Arkansas,82.8,17.2,34.74865012400045,-92.27449074299966,AR
1995,Montana,83.7,16.3,47.06652897200047,-109.42442064499971,MT
2008,New Hampshire,89.9,10.1,43.65595011300047,-71.50036091999965,NH
2004,Montana,80.8,19.2,47.06652897200047,-109.42442064499971,MT
2004,West Virginia,81.5,18.5,38.66551020200046,-80.71264013499967,WV
2004,South Dakota,89.0,11.0,44.35313005300048,-100.3735306369997,SD
1998,District of Columbia,88.4,11.6,38.89037138500049,-77.03196112699965,DC
2007,Minnesota,91.5,8.5,46.35564873600049,-94.79420050299969,MN
2004,Maryland,88.2,11.8,39.29058096400047,-76.60926011099963,MD
1998,California,81.9,18.1,37.63864012300047,-120.99999953799971,CA
1997,New Hampshire,89.7,10.3,43.65595011300047,-71.50036091999965,NH
1995,West Virginia,84.0,16.0,38.66551020200046,-80.71264013499967,WV
2001,Iowa,91.9,8.1,42.46940091300047,-93.81649055599968,IA
2009,Nebraska,87.3,12.7,41.6410409880005,-99.36572062299967,NE
2005,Kentucky,82.4,17.6,37.64597027100047,-84.77497104799966,KY
2006,Wisconsin,90.3,9.7,44.39319117400049,-89.81637074199966,WI
2009,Michigan,86.4,13.6,44.6613195430005,-84.71439026999968,MI
2010,West Virginia,82.5,17.5,38.66551020200046,-80.71264013499967,WV
2004,Louisiana,77.2,22.8,31.31266064400046,-92.44568007099969,LA
2009,Colorado,83.3,16.7,38.843840757000464,-106.13361092099969,CO
2000,Michigan,91.5,8.5,44.6613195430005,-84.71439026999968,MI
2006,Alabama,84.0,16.0,32.84057112200048,-86.63186076199969,AL
1996,Louisiana,77.2,22.8,31.31266064400046,-92.44568007099969,LA
2010,Arizona,86.7,13.3,34.865970280000454,-111.76381127699972,AZ
2005,Wyoming,82.0,18.0,43.23554134300048,-108.10983035299968,WY
2004,Maine,87.2,12.8,45.254228894000505,-68.98503133599962,ME
2008,Texas,74.4,25.6,31.827240407000488,-99.42677020599967,TX
1995,Virginia,88.6,11.4,37.54268067400045,-78.45789046299967,VA
2006,Nevada,77.8,22.2,39.493240390000494,-117.07184056399969,NV
2007,Iowa,89.5,10.5,42.46940091300047,-93.81649055599968,IA
1995,Pennsylvania,90.7,9.3,40.79373015200048,-77.86070029399963,PA
2002,Nevada,77.6,22.4,39.493240390000494,-117.07184056399969,NV
1999,North Carolina,88.5,11.5,35.466220975000454,-79.15925046299964,NC
2009,New Jersey,87.2,12.8,40.13057004800049,-74.27369128799967,NJ
2006,Delaware,90.4,9.6,39.008830667000495,-75.57774116799965,DE
2002,Maryland,90.2,9.8,39.29058096400047,-76.60926011099963,MD
2000,Nebraska,90.9,9.1,41.6410409880005,-99.36572062299967,NE
2005,Colorado,83.9,16.1,38.843840757000464,-106.13361092099969,CO
2000,Mississippi,80.7,19.3,32.745510099000455,-89.53803082499968,MS
2010,Alaska,82.4,17.6,64.84507995700051,-147.7220590359997,AK
2008,Nebraska,87.7,12.3,41.6410409880005,-99.36572062299967,NE
2003,New Jersey,86.3,13.7,40.13057004800049,-74.27369128799967,NJ
2007,Montana,83.1,16.9,47.06652897200047,-109.42442064499971,MT
1997,Minnesota,91.6,8.4,46.35564873600049,-94.79420050299969,MN
2007,Georgia,82.9,17.1,32.83968109300048,-83.62758034599966,GA
2002,Alabama,84.9,15.1,32.84057112200048,-86.63186076199969,AL
2009,Arizona,85.0,15.0,34.865970280000454,-111.76381127699972,AZ
1997,Vermont,85.6,14.4,43.62538123900049,-72.51764079099962,VT
2009,Virginia,88.1,11.9,37.54268067400045,-78.45789046299967,VA
1999,Illinois,88.2,11.8,40.48501028300046,-88.99771017799969,IL
2006,Kentucky,83.0,17.0,37.64597027100047,-84.77497104799966,KY
1995,Wisconsin,92.2,7.8,44.39319117400049,-89.81637074199966,WI
2005,New Hampshire,89.5,10.5,43.65595011300047,-71.50036091999965,NH
2001,Kentucky,84.9,15.1,37.64597027100047,-84.77497104799966,KY
2005,Maryland,89.1,10.9,39.29058096400047,-76.60926011099963,MD
2010,Nevada,80.3,19.7,39.493240390000494,-117.07184056399969,NV
2007,Missouri,86.6,13.4,38.63579077600048,-92.56630005299968,MO
2008,Michigan,88.3,11.7,44.6613195430005,-84.71439026999968,MI
1999,Oklahoma,82.7,17.3,35.47203135600046,-97.52107021399968,OK
1998,Illinois,89.1,10.9,40.48501028300046,-88.99771017799969,IL
2001,Michigan,90.4,9.6,44.6613195430005,-84.71439026999968,MI
2003,Mississippi,80.9,19.1,32.745510099000455,-89.53803082499968,MS
1998,Wisconsin,91.7,8.3,44.39319117400049,-89.81637074199966,WI
2006,Idaho,81.2,18.8,43.68263000500048,-114.3637300419997,ID
1998,New Jersey,89.8,10.2,40.13057004800049,-74.27369128799967,NJ
2005,Georgia,83.4,16.6,32.83968109300048,-83.62758034599966,GA
2004,Massachusetts,90.7,9.3,42.27687047000046,-72.08269067499964,MA
1997,South Carolina,85.0,15.0,33.998821303000454,-81.04537120699968,SC
2004,Kansas,87.0,13.0,38.34774030000045,-98.20078122699964,KS
2001,Delaware,91.4,8.6,39.008830667000495,-75.57774116799965,DE
2002,Kentucky,81.8,18.2,37.64597027100047,-84.77497104799966,KY
2003,Texas,73.3,26.7,31.827240407000488,-99.42677020599967,TX
2009,Oklahoma,80.2,19.8,35.47203135600046,-97.52107021399968,OK
2010,Hawaii,93.2,6.8,21.304850435000446,-157.85774940299973,HI
1995,North Carolina,87.4,12.6,35.466220975000454,-79.15925046299964,NC
2002,North Carolina,83.3,16.7,35.466220975000454,-79.15925046299964,NC
2009,Oregon,82.1,17.9,44.56744942400047,-120.15503132599969,OR
2010,Mississippi,78.4,21.6,32.745510099000455,-89.53803082499968,MS
2001,Arizona,83.1,16.9,34.865970280000454,-111.76381127699972,AZ
2007,South Carolina,83.6,16.4,33.998821303000454,-81.04537120699968,SC
2006,Rhode Island,88.7,11.3,41.70828019300046,-71.52247031399963,RI
2010,Texas,76.9,23.1,31.827240407000488,-99.42677020599967,TX
2002,Maine,85.9,14.1,45.254228894000505,-68.98503133599962,ME
2009,Texas,74.8,25.2,31.827240407000488,-99.42677020599967,TX
2009,Vermont,90.2,9.8,43.62538123900049,-72.51764079099962,VT
2004,Michigan,87.8,12.2,44.6613195430005,-84.71439026999968,MI
2000,Georgia,85.1,14.9,32.83968109300048,-83.62758034599966,GA
2007,Delaware,92.3,7.7,39.008830667000495,-75.57774116799965,DE
2001,New Hampshire,88.5,11.5,43.65595011300047,-71.50036091999965,NH
2007,Arizona,81.9,18.1,34.865970280000454,-111.76381127699972,AZ
2008,New Mexico,80.1,19.9,34.52088095200048,-106.24058098499968,NM
1998,Oklahoma,81.6,18.4,35.47203135600046,-97.52107021399968,OK
2008,Vermont,89.4,10.6,43.62538123900049,-72.51764079099962,VT
1995,Connecticut,90.3,9.7,41.56266102000046,-72.64984095199964,CT
1999,Florida,83.8,16.2,28.93204037700048,-81.92896053899966,FL
2003,District of Columbia,90.1,9.9,38.89037138500049,-77.03196112699965,DC
1998,Massachusetts,91.1,8.9,42.27687047000046,-72.08269067499964,MA
2000,New Jersey,87.1,12.9,40.13057004800049,-74.27369128799967,NJ
2005,West Virginia,81.9,18.1,38.66551020200046,-80.71264013499967,WV
1996,Delaware,89.2,10.8,39.008830667000495,-75.57774116799965,DE
2004,Texas,73.2,26.8,31.827240407000488,-99.42677020599967,TX
2004,New Mexico,78.0,22.0,34.52088095200048,-106.24058098499968,NM
2009,Alabama,84.5,15.5,32.84057112200048,-86.63186076199969,AL
2000,Maryland,90.1,9.9,39.29058096400047,-76.60926011099963,MD
2003,Colorado,85.0,15.0,38.843840757000464,-106.13361092099969,CO
2009,Wyoming,83.6,16.4,43.23554134300048,-108.10983035299968,WY
2008,Wisconsin,89.7,10.3,44.39319117400049,-89.81637074199966,WI
2009,Illinois,86.4,13.6,40.48501028300046,-88.99771017799969,IL
2003,Utah,83.5,16.5,39.36070017100048,-111.58713063499972,UT
2006,Florida,79.6,20.4,28.93204037700048,-81.92896053899966,FL
2006,Connecticut,89.9,10.1,41.56266102000046,-72.64984095199964,CT
1996,Illinois,88.2,11.8,40.48501028300046,-88.99771017799969,IL
2003,Pennsylvania,89.1,10.9,40.79373015200048,-77.86070029399963,PA
2010,Massachusetts,95.7,4.3,42.27687047000046,-72.08269067499964,MA
2003,Delaware,91.3,8.7,39.008830667000495,-75.57774116799965,DE
1998,Missouri,87.0,13.0,38.63579077600048,-92.56630005299968,MO
1999,Kentucky,85.5,14.5,37.64597027100047,-84.77497104799966,KY
2003,Florida,81.1,18.9,28.93204037700048,-81.92896053899966,FL
2008,Colorado,83.7,16.3,38.843840757000464,-106.13361092099969,CO
2010,Idaho,80.9,19.1,43.68263000500048,-114.3637300419997,ID
1999,Pennsylvania,89.8,10.2,40.79373015200048,-77.86070029399963,PA
2001,West Virginia,80.7,19.3,38.66551020200046,-80.71264013499967,WV
2009,District of Columbia,94.0,6.0,38.89037138500049,-77.03196112699965,DC
2005,Washington,85.3,14.7,47.52227862900048,-120.47001078999972,WA
2007,Kansas,88.0,12.0,38.34774030000045,-98.20078122699964,KS
2005,South Carolina,81.1,18.9,33.998821303000454,-81.04537120699968,SC
2007,Illinois,84.9,15.1,40.48501028300046,-88.99771017799969,IL
2004,Wisconsin,90.0,10.0,44.39319117400049,-89.81637074199966,WI
2009,Connecticut,90.6,9.4,41.56266102000046,-72.64984095199964,CT
1999,Utah,87.6,12.4,39.36070017100048,-111.58713063499972,UT
2009,Utah,85.0,15.0,39.36070017100048,-111.58713063499972,UT
2008,Alabama,84.0,16.0,32.84057112200048,-86.63186076199969,AL
2002,Louisiana,75.9,24.1,31.31266064400046,-92.44568007099969,LA
2004,South Carolina,83.0,17.0,33.998821303000454,-81.04537120699968,SC
1998,Montana,82.8,17.2,47.06652897200047,-109.42442064499971,MT
1995,New Jersey,91.9,8.1,40.13057004800049,-74.27369128799967,NJ
1998,Tennessee,87.0,13.0,35.68094058000048,-85.77449091399967,TN
2000,West Virginia,80.9,19.1,38.66551020200046,-80.71264013499967,WV
2002,New Jersey,86.7,13.3,40.13057004800049,-74.27369128799967,NJ
2000,South Dakota,89.5,10.5,44.35313005300048,-100.3735306369997,SD
2006,New York,86.5,13.5,42.82700103200045,-75.54397042699964,NY
1998,Maryland,86.4,13.6,39.29058096400047,-76.60926011099963,MD
2004,Delaware,91.0,9.0,39.008830667000495,-75.57774116799965,DE
2006,Louisiana,77.1,22.9,31.31266064400046,-92.44568007099969,LA
2010,South Dakota,89.4,10.6,44.35313005300048,-100.3735306369997,SD
2006,West Virginia,84.6,15.4,38.66551020200046,-80.71264013499967,WV
1997,New Mexico,77.8,22.2,34.52088095200048,-106.24058098499968,NM
2009,Florida,81.3,18.7,28.93204037700048,-81.92896053899966,FL
1997,Washington,89.1,10.9,47.52227862900048,-120.47001078999972,WA
1997,Iowa,90.4,9.6,42.46940091300047,-93.81649055599968,IA
2004,Ohio,87.0,13.0,40.06021014100048,-82.40426005599966,OH
1998,Minnesota,91.5,8.5,46.35564873600049,-94.79420050299969,MN
2010,Oregon,83.5,16.5,44.56744942400047,-120.15503132599969,OR
1995,Alabama,85.7,14.3,32.84057112200048,-86.63186076199969,AL
1996,Iowa,90.8,9.2,42.46940091300047,-93.81649055599968,IA
2004,Nevada,78.4,21.6,39.493240390000494,-117.07184056399969,NV
1996,Michigan,90.4,9.6,44.6613195430005,-84.71439026999968,MI
1998,Connecticut,91.2,8.8,41.56266102000046,-72.64984095199964,CT
1997,Maryland,89.8,10.2,39.29058096400047,-76.60926011099963,MD
2004,Tennessee,88.2,11.8,35.68094058000048,-85.77449091399967,TN
1996,Colorado,86.5,13.5,38.843840757000464,-106.13361092099969,CO
2001,Louisiana,77.9,22.1,31.31266064400046,-92.44568007099969,LA
2002,West Virginia,82.0,18.0,38.66551020200046,-80.71264013499967,WV
2004,Missouri,86.8,13.2,38.63579077600048,-92.56630005299968,MO
2000,Texas,77.0,23.0,31.827240407000488,-99.42677020599967,TX
2007,New Hampshire,88.3,11.7,43.65595011300047,-71.50036091999965,NH
2010,Virginia,87.8,12.2,37.54268067400045,-78.45789046299967,VA
2004,Georgia,83.0,17.0,32.83968109300048,-83.62758034599966,GA
2001,Missouri,89.4,10.6,38.63579077600048,-92.56630005299968,MO
1998,Georgia,85.3,14.7,32.83968109300048,-83.62758034599966,GA
2007,New Jersey,86.5,13.5,40.13057004800049,-74.27369128799967,NJ
2004,Kentucky,85.0,15.0,37.64597027100047,-84.77497104799966,KY
2002,Idaho,83.0,17.0,43.68263000500048,-114.3637300419997,ID
1999,Nevada,81.9,18.1,39.493240390000494,-117.07184056399969,NV
2005,Florida,79.7,20.3,28.93204037700048,-81.92896053899966,FL
1995,Nebraska,92.2,7.8,41.6410409880005,-99.36572062299967,NE
1996,Indiana,88.6,11.4,39.766910452000445,-86.14996019399968,IN
1996,Ohio,88.6,11.4,40.06021014100048,-82.40426005599966,OH
2004,Idaho,84.2,15.8,43.68263000500048,-114.3637300419997,ID
2006,Vermont,88.5,11.5,43.62538123900049,-72.51764079099962,VT
1995,Maryland,90.6,9.4,39.29058096400047,-76.60926011099963,MD
2010,Oklahoma,80.8,19.2,35.47203135600046,-97.52107021399968,OK
2005,New York,86.3,13.7,42.82700103200045,-75.54397042699964,NY
1997,Arizona,85.4,14.6,34.865970280000454,-111.76381127699972,AZ
2006,Hawaii,91.7,8.3,21.304850435000446,-157.85774940299973,HI
1995,Ohio,89.0,11.0,40.06021014100048,-82.40426005599966,OH
2005,Connecticut,91.0,9.0,41.56266102000046,-72.64984095199964,CT
2004,Oregon,82.3,17.7,44.56744942400047,-120.15503132599969,OR
2008,Massachusetts,95.6,4.4,42.27687047000046,-72.08269067499964,MA
2006,Georgia,84.2,15.8,32.83968109300048,-83.62758034599966,GA
2009,Maine,88.6,11.4,45.254228894000505,-68.98503133599962,ME
1998,Kentucky,85.6,14.4,37.64597027100047,-84.77497104799966,KY
1997,Kansas,90.5,9.5,38.34774030000045,-98.20078122699964,KS
2002,Arizona,83.9,16.1,34.865970280000454,-111.76381127699972,AZ
2010,Alabama,83.8,16.2,32.84057112200048,-86.63186076199969,AL
2003,New Mexico,77.9,22.1,34.52088095200048,-106.24058098499968,NM
2006,District of Columbia,91.3,8.7,38.89037138500049,-77.03196112699965,DC
2010,Ohio,87.2,12.8,40.06021014100048,-82.40426005599966,OH
2008,Oregon,84.0,16.0,44.56744942400047,-120.15503132599969,OR
2000,Kansas,89.3,10.7,38.34774030000045,-98.20078122699964,KS
2008,Mississippi,80.6,19.4,32.745510099000455,-89.53803082499968,MS
2002,Wyoming,82.8,17.2,43.23554134300048,-108.10983035299968,WY
1995,Michigan,91.5,8.5,44.6613195430005,-84.71439026999968,MI
2007,Nevada,79.2,20.8,39.493240390000494,-117.07184056399969,NV
2005,Oregon,82.3,17.7,44.56744942400047,-120.15503132599969,OR
1995,Maine,83.6,16.4,45.254228894000505,-68.98503133599962,ME
1998,South Carolina,83.7,16.3,33.998821303000454,-81.04537120699968,SC
1995,Minnesota,91.8,8.2,46.35564873600049,-94.79420050299969,MN
2000,Montana,85.1,14.9,47.06652897200047,-109.42442064499971,MT
1998,Maine,86.8,13.2,45.254228894000505,-68.98503133599962,ME
1999,Montana,83.0,17.0,47.06652897200047,-109.42442064499971,MT
1998,Wyoming,82.9,17.1,43.23554134300048,-108.10983035299968,WY
2006,Kansas,87.0,13.0,38.34774030000045,-98.20078122699964,KS
2000,Massachusetts,91.6,8.4,42.27687047000046,-72.08269067499964,MA
2005,Idaho,81.1,18.9,43.68263000500048,-114.3637300419997,ID
2004,Illinois,85.7,14.3,40.48501028300046,-88.99771017799969,IL
1995,Wyoming,83.7,16.3,43.23554134300048,-108.10983035299968,WY
2005,New Jersey,85.5,14.5,40.13057004800049,-74.27369128799967,NJ
1999,Wyoming,83.1,16.9,43.23554134300048,-108.10983035299968,WY
1999,North Dakota,88.9,11.1,47.47531977900047,-100.11842104899966,ND
2009,Rhode Island,88.0,12.0,41.70828019300046,-71.52247031399963,RI
2008,California,82.5,17.5,37.63864012300047,-120.99999953799971,CA
2002,Alaska,80.9,19.1,64.84507995700051,-147.7220590359997,AK
2005,North Carolina,80.9,19.1,35.466220975000454,-79.15925046299964,NC
1995,Washington,88.5,11.5,47.52227862900048,-120.47001078999972,WA
2002,Ohio,88.6,11.4,40.06021014100048,-82.40426005599966,OH
2010,Kentucky,83.1,16.9,37.64597027100047,-84.77497104799966,KY
2004,Rhode Island,88.1,11.9,41.70828019300046,-71.52247031399963,RI
2005,California,82.8,17.2,37.63864012300047,-120.99999953799971,CA
2010,Maine,88.0,12.0,45.254228894000505,-68.98503133599962,ME
1996,Georgia,90.2,9.8,32.83968109300048,-83.62758034599966,GA
1997,Georgia,88.0,12.0,32.83968109300048,-83.62758034599966,GA
2008,Wyoming,84.4,15.6,43.23554134300048,-108.10983035299968,WY
2010,District of Columbia,93.0,7.0,38.89037138500049,-77.03196112699965,DC
1996,Nevada,83.6,16.4,39.493240390000494,-117.07184056399969,NV
2006,Minnesota,91.8,8.2,46.35564873600049,-94.79420050299969,MN
2006,Iowa,89.5,10.5,42.46940091300047,-93.81649055599968,IA
2003,Illinois,84.9,15.1,40.48501028300046,-88.99771017799969,IL
2002,Kansas,88.9,11.1,38.34774030000045,-98.20078122699964,KS
2008,South Carolina,82.4,17.6,33.998821303000454,-81.04537120699968,SC
2000,Louisiana,78.1,21.9,31.31266064400046,-92.44568007099969,LA
2010,Iowa,89.6,10.4,42.46940091300047,-93.81649055599968,IA
1996,Rhode Island,89.5,10.5,41.70828019300046,-71.52247031399963,RI
1999,Indiana,87.6,12.4,39.766910452000445,-86.14996019399968,IN
2004,Colorado,84.3,15.7,38.843840757000464,-106.13361092099969,CO
1999,New Jersey,88.1,11.9,40.13057004800049,-74.27369128799967,NJ
1995,Kentucky,85.7,14.3,37.64597027100047,-84.77497104799966,KY
1998,Michigan,89.9,10.1,44.6613195430005,-84.71439026999968,MI
2002,Hawaii,91.3,8.7,21.304850435000446,-157.85774940299973,HI
2009,Massachusetts,94.7,5.3,42.27687047000046,-72.08269067499964,MA
2006,Nebraska,85.8,14.2,41.6410409880005,-99.36572062299967,NE
2002,Indiana,85.2,14.8,39.766910452000445,-86.14996019399968,IN
1995,New York,87.8,12.2,42.82700103200045,-75.54397042699964,NY
2004,Virginia,85.8,14.2,37.54268067400045,-78.45789046299967,VA
2001,Nebraska,86.0,14.0,41.6410409880005,-99.36572062299967,NE
2006,Pennsylvania,89.5,10.5,40.79373015200048,-77.86070029399963,PA
2005,Virginia,88.9,11.1,37.54268067400045,-78.45789046299967,VA
2000,Wyoming,82.8,17.2,43.23554134300048,-108.10983035299968,WY
1998,New York,86.3,13.7,42.82700103200045,-75.54397042699964,NY
2009,Maryland,88.5,11.5,39.29058096400047,-76.60926011099963,MD
2004,New Hampshire,87.9,12.1,43.65595011300047,-71.50036091999965,NH
2008,Illinois,85.4,14.6,40.48501028300046,-88.99771017799969,IL
2009,Nevada,80.5,19.5,39.493240390000494,-117.07184056399969,NV
2001,Arkansas,83.9,16.1,34.74865012400045,-92.27449074299966,AR
2007,Alabama,85.3,14.7,32.84057112200048,-86.63186076199969,AL
1997,Delaware,89.2,10.8,39.008830667000495,-75.57774116799965,DE
1997,Tennessee,88.3,11.7,35.68094058000048,-85.77449091399967,TN
1995,Georgia,89.8,10.2,32.83968109300048,-83.62758034599966,GA
2005,Utah,84.9,15.1,39.36070017100048,-111.58713063499972,UT
1997,Virginia,88.7,11.3,37.54268067400045,-78.45789046299967,VA
1997,North Carolina,85.3,14.7,35.466220975000454,-79.15925046299964,NC
2006,Washington,85.5,14.5,47.52227862900048,-120.47001078999972,WA
2002,Iowa,91.2,8.8,42.46940091300047,-93.81649055599968,IA
2006,Tennessee,86.7,13.3,35.68094058000048,-85.77449091399967,TN
2005,Vermont,87.8,12.2,43.62538123900049,-72.51764079099962,VT
1999,District of Columbia,86.9,13.1,38.89037138500049,-77.03196112699965,DC
1996,Alabama,84.0,16.0,32.84057112200048,-86.63186076199969,AL
2004,Alaska,83.5,16.5,64.84507995700051,-147.7220590359997,AK
2007,District of Columbia,91.6,8.4,38.89037138500049,-77.03196112699965,DC
1997,West Virginia,81.9,18.1,38.66551020200046,-80.71264013499967,WV
1999,Michigan,90.2,9.8,44.6613195430005,-84.71439026999968,MI
2008,Oklahoma,81.1,18.9,35.47203135600046,-97.52107021399968,OK
2007,New York,86.2,13.8,42.82700103200045,-75.54397042699964,NY
2002,Utah,86.4,13.6,39.36070017100048,-111.58713063499972,UT
1999,Iowa,91.2,8.8,42.46940091300047,-93.81649055599968,IA
1999,West Virginia,81.9,18.1,38.66551020200046,-80.71264013499967,WV
2010,North Carolina,81.0,19.0,35.466220975000454,-79.15925046299964,NC
1996,Connecticut,90.7,9.3,41.56266102000046,-72.64984095199964,CT
1998,Idaho,84.8,15.2,43.68263000500048,-114.3637300419997,ID
1998,Virginia,87.8,12.2,37.54268067400045,-78.45789046299967,VA
2010,Wisconsin,89.3,10.7,44.39319117400049,-89.81637074199966,WI
2005,Rhode Island,88.4,11.6,41.70828019300046,-71.52247031399963,RI
2005,Wisconsin,89.5,10.5,44.39319117400049,-89.81637074199966,WI
2010,Pennsylvania,88.5,11.5,40.79373015200048,-77.86070029399963,PA
2006,Arkansas,79.4,20.6,34.74865012400045,-92.27449074299966,AR
2001,Pennsylvania,90.8,9.2,40.79373015200048,-77.86070029399963,PA
2006,South Carolina,83.4,16.6,33.998821303000454,-81.04537120699968,SC
2010,Maryland,89.1,10.9,39.29058096400047,-76.60926011099963,MD
2010,Montana,81.6,18.4,47.06652897200047,-109.42442064499971,MT
1995,Vermont,88.1,11.9,43.62538123900049,-72.51764079099962,VT
1996,Kentucky,85.6,14.4,37.64597027100047,-84.77497104799966,KY
2005,Pennsylvania,89.2,10.8,40.79373015200048,-77.86070029399963,PA
2009,New York,88.0,12.0,42.82700103200045,-75.54397042699964,NY
2008,Tennessee,83.4,16.6,35.68094058000048,-85.77449091399967,TN
1996,Virginia,85.4,14.6,37.54268067400045,-78.45789046299967,VA
2006,Wyoming,82.1,17.9,43.23554134300048,-108.10983035299968,WY
